[
{
  "model": "post.tag",
  "pk": 1,
  "fields": {
    "name": "1234"
  }
},
{
  "model": "post.tag",
  "pk": 2,
  "fields": {
    "name": "asdf"
  }
},
{
  "model": "post.tag",
  "pk": 3,
  "fields": {
    "name": "\ub313\uae00"
  }
},
{
  "model": "post.tag",
  "pk": 4,
  "fields": {
    "name": "13qwadf"
  }
},
{
  "model": "post.tag",
  "pk": 5,
  "fields": {
    "name": "1asdf"
  }
},
{
  "model": "post.tag",
  "pk": 6,
  "fields": {
    "name": "asdfasdf"
  }
},
{
  "model": "post.tag",
  "pk": 7,
  "fields": {
    "name": "\ub313\uae00asfasdf"
  }
},
{
  "model": "post.tag",
  "pk": 8,
  "fields": {
    "name": "test"
  }
},
{
  "model": "post.tag",
  "pk": 9,
  "fields": {
    "name": "test2"
  }
},
{
  "model": "post.video",
  "pk": 1,
  "fields": {
    "youtube_id": "furTlhb-990",
    "title": "asdfmovie 1-10 (Complete Collection)",
    "description": "Every asdfmovie so far! - More asdfmovie! (https://www.youtube.com/playlist?list=PL3A5849BDE0581B19) asdfmovie shirts (http://sharkrobot.com/asdfmovie) ...",
    "url_thumbnail": "https://i.ytimg.com/vi/furTlhb-990/hqdefault.jpg"
  }
},
{
  "model": "post.video",
  "pk": 2,
  "fields": {
    "youtube_id": "JsFBT_CVjv8",
    "title": "1 2 3 4 - CHI D\u00c2N | LYRICS VIDEO | CHI D\u00c2N OFFICIAL",
    "description": "Song: 1 2 3 4 Singer: Chi D\u00e2n Composer: Nguy\u1ec5n \u0110\u00ecnh V\u0169 Record & mix: Chi\u1ebfn L\u00ea K\u00eanh Youtube ch\u00ednh th\u1ee9c c\u1ee7a Chi D\u00e2n. M\u1ecdi ng\u01b0\u1eddi nh\u1ea5n Subsribe ho\u1eb7c ...",
    "url_thumbnail": "https://i.ytimg.com/vi/JsFBT_CVjv8/hqdefault.jpg"
  }
},
{
  "model": "post.video",
  "pk": 3,
  "fields": {
    "youtube_id": "1AI7UP1iRAU",
    "title": "LEE HI (\uc774\ud558\uc774) - 1.2.3.4 M/V",
    "description": "Available on iTunes@ http://smarturl.it/leehi1234 #LEEHI #\uc774\ud558\uc774 #1.2.3.4 #\uc6d0\ud22c\uc4f0\ub9ac\ud3ec More about LEE HI @ http://www.yg-hiheel.com/ http://www.lee-hi.co.kr/ ...",
    "url_thumbnail": "https://i.ytimg.com/vi/1AI7UP1iRAU/hqdefault.jpg"
  }
},
{
  "model": "post.video",
  "pk": 4,
  "fields": {
    "youtube_id": "WoLFzr-k5WI",
    "title": "1234 Chi D\u00e2n Vietmix Dj Trang Moon Qu\u1ea9y Bar New Ph\u01b0\u01a1ng \u0110\u00f4ng 2017",
    "description": "1234 Chi D\u00e2n Vietmix Dj Trang Moon Qu\u1ea9y Bar New Ph\u01b0\u01a1ng \u0110\u00f4ng 2017 1 2 3 4 Chi D\u00e2n Dj Trang Moon Qu\u1ea9y C\u1ef1c Xung C\u00e1m \u01a1n c\u00e1c b\u1ea1n \u0111\u00e3 xem video.",
    "url_thumbnail": "https://i.ytimg.com/vi/WoLFzr-k5WI/hqdefault.jpg"
  }
},
{
  "model": "post.video",
  "pk": 5,
  "fields": {
    "youtube_id": "y9u3c65LHIY",
    "title": "Plain White T's - 1234",
    "description": "new single by plain white tees! :) I do not own any of these rights to this song.",
    "url_thumbnail": "https://i.ytimg.com/vi/y9u3c65LHIY/hqdefault.jpg"
  }
},
{
  "model": "post.video",
  "pk": 6,
  "fields": {
    "youtube_id": "4KlYNjix068",
    "title": "Vice - Steady 1234 Ft. Jasmine Thompson & Skizzy Mars [Official Lyric Video]",
    "description": "New single by Vice out NOW via Atlantic Records! Support here: http://smarturl.it/Steady1234 Follow VICE: https://open.spotify.com/user/djvice ...",
    "url_thumbnail": "https://i.ytimg.com/vi/4KlYNjix068/hqdefault.jpg"
  }
},
{
  "model": "post.video",
  "pk": 7,
  "fields": {
    "youtube_id": "n7yXUMlXMJU",
    "title": "1234 #NoapteaT\u00e2rziu (Cover amuzant Delia - 1234)",
    "description": "De cele mai multe ori personajele sau situatiile sunt fictive! ACEST MATERIAL ESTE UN PAMFLET!!! Dac\u0103 v-a pl\u0103cut ne pute\u021bi ajuta cu SHARE, LIKE \u0219i ...",
    "url_thumbnail": "https://i.ytimg.com/vi/n7yXUMlXMJU/hqdefault.jpg"
  }
},
{
  "model": "post.video",
  "pk": 8,
  "fields": {
    "youtube_id": "fZ9WiuJPnNA",
    "title": "Sesame Street: Feist sings 1,2,3,4",
    "description": "Feist loves counting 1, 2, 3, 4 - counting to the number four. For more fun games and videos for your preschooler in a safe, child-friendly environment, visit us at ...",
    "url_thumbnail": "https://i.ytimg.com/vi/fZ9WiuJPnNA/hqdefault.jpg"
  }
},
{
  "model": "post.video",
  "pk": 9,
  "fields": {
    "youtube_id": "QggsVF0DvDU",
    "title": "1234 Get On The Dance Floor - Chennai Express Full Video Song   Shahrukh Khan Deepika Padukone",
    "description": "For SRK's Entry in Chennai Express http://www.youtube.com/watch?v=ve7PO6Nn1Jo&feature=youtu.be.",
    "url_thumbnail": "https://i.ytimg.com/vi/QggsVF0DvDU/hqdefault.jpg"
  }
},
{
  "model": "post.video",
  "pk": 10,
  "fields": {
    "youtube_id": "PojdI2shbaI",
    "title": "Delia - 1234 (Unde dragoste nu e) Official Video",
    "description": "Delia - 1234 (Unde dragoste nu e) by Cat Music | Subscribe to Romania's #1 \u266bMusic Channel: http://bit.ly/Subscribe2CatMusic Apple Music: ...",
    "url_thumbnail": "https://i.ytimg.com/vi/PojdI2shbaI/hqdefault.jpg"
  }
},
{
  "model": "post.video",
  "pk": 11,
  "fields": {
    "youtube_id": "foFKXS6Nyho",
    "title": "asdfmovie10",
    "description": "ass-duff-moo-vee-ten - More asdfmovie! https://www.youtube.com/playlist?list=PL3A5849BDE0581B19 asdfmovie t-shirts (http://bit.ly/asdfshirts) download the ...",
    "url_thumbnail": "https://i.ytimg.com/vi/foFKXS6Nyho/hqdefault.jpg"
  }
},
{
  "model": "post.video",
  "pk": 12,
  "fields": {
    "youtube_id": "WTUnwygoFsU",
    "title": "asdf movies 11",
    "description": "I must state that in NO way, shape or form am I intending to infringe rights of the copyright holder. Content used is strictly for research/reviewing purposes and to ...",
    "url_thumbnail": "https://i.ytimg.com/vi/WTUnwygoFsU/hqdefault.jpg"
  }
},
{
  "model": "post.video",
  "pk": 13,
  "fields": {
    "youtube_id": "8l6T3fwxAyw",
    "title": "asdfmovie9",
    "description": "ass-duff-moo-vee-nine - More asdfmovie! https://www.youtube.com/playlist?list=PL3A5849BDE0581B19 asdfmovie t-shirts (http://bit.ly/asdfshirts) download the ...",
    "url_thumbnail": "https://i.ytimg.com/vi/8l6T3fwxAyw/hqdefault.jpg"
  }
},
{
  "model": "post.video",
  "pk": 14,
  "fields": {
    "youtube_id": "IYnsfV5N2n8",
    "title": "asdfmovie",
    "description": "ass-duff-moo-vee - More asdfmovie! https://www.youtube.com/playlist?list=PL3A5849BDE0581B19 asdfmovie t-shirts (http://sharkrobot.com/asdfmovie) ...",
    "url_thumbnail": "https://i.ytimg.com/vi/IYnsfV5N2n8/hqdefault.jpg"
  }
},
{
  "model": "post.video",
  "pk": 15,
  "fields": {
    "youtube_id": "CeYjsvbwqdY",
    "title": "ASDF Movie 10 - In LEGO",
    "description": "A LEGO recreation of Tomska's ASDF Movie 10. I hope you guys enjoy! Make sure to LIKE, SUBSCRIBE, and COMMENT!",
    "url_thumbnail": "https://i.ytimg.com/vi/CeYjsvbwqdY/hqdefault.jpg"
  }
},
{
  "model": "post.video",
  "pk": 16,
  "fields": {
    "youtube_id": "XhCNSc4pne0",
    "title": "#REACT - ASDF Movie 8 (DUBLADO) PT-BR (PRP Dub)",
    "description": "Mais um v\u00eddeo do ASDF Movie aqui no S\u00e1bado Animado, estamos fazendo essa s\u00e9rie de react ao contr\u00e1rio e esse \u00e9 o epis\u00f3dio 8 =D V\u00eddeo: ...",
    "url_thumbnail": "https://i.ytimg.com/vi/XhCNSc4pne0/hqdefault.jpg"
  }
},
{
  "model": "post.video",
  "pk": 17,
  "fields": {
    "youtube_id": "6udb9_rUimM",
    "title": "ASDF Movies 1-10",
    "description": "Every asdfmovie as of the time of upload (https://www.youtube.com/playlist?list...) asdfmovie shirts (http://sharkrobot.com/asdfmovie) Animation + music credits ...",
    "url_thumbnail": "https://i.ytimg.com/vi/6udb9_rUimM/hqdefault.jpg"
  }
},
{
  "model": "post.video",
  "pk": 18,
  "fields": {
    "youtube_id": "olit-B5Yldc",
    "title": "asdfmovie8",
    "description": "ass-duff-moo-vee-ate - More asdfmovie! https://www.youtube.com/playlist?list=PL3A5849BDE0581B19 asdfmovie t-shirts (http://bit.ly/asdfshirts) download the ...",
    "url_thumbnail": "https://i.ytimg.com/vi/olit-B5Yldc/hqdefault.jpg"
  }
},
{
  "model": "post.video",
  "pk": 19,
  "fields": {
    "youtube_id": "PF9z-kEmic4",
    "title": "asdfmovie 1-8 (Complete Collection)",
    "description": "every asdfmovie so far! oh my!!! - More asdfmovie! (https://www.youtube.com/playlist?list=PL3A5849BDE0581B19) Animation + Music Credits Below!",
    "url_thumbnail": "https://i.ytimg.com/vi/PF9z-kEmic4/hqdefault.jpg"
  }
},
{
  "model": "post.video",
  "pk": 20,
  "fields": {
    "youtube_id": "bkEWUsLFU5o",
    "title": "2017 NBA Awards - NBA Live Stream - REPLAY!!!",
    "description": "Thanks For Watching!!! Please Like Share and TAG Friends!!! Join Group: https://www.facebook.com/groups/112570162658236/ LINK update in GROUP!!!!",
    "url_thumbnail": "https://i.ytimg.com/vi/bkEWUsLFU5o/hqdefault_live.jpg"
  }
},
{
  "model": "post.video",
  "pk": 21,
  "fields": {
    "youtube_id": "ifrgxvPQ8BQ",
    "title": "12 HR STREAM!!! (POSTERS ALL NIGHT) | ROAD TO 70K | NBA 2K17 MyPark",
    "description": "Subscribe if you're new and drop a like if you fw the streams! Donations are never asked for but are highly appreciated- https://youtube.streamlabs.com/vuidz ...",
    "url_thumbnail": "https://i.ytimg.com/vi/ifrgxvPQ8BQ/hqdefault_live.jpg"
  }
},
{
  "model": "post.video",
  "pk": 22,
  "fields": {
    "youtube_id": "JBWhzt8drHA",
    "title": "NBA Awards 2017 | Drake - Opens | Crazy Humor :D |",
    "description": "NBA Awards 2017 | Drake - Opens | Humor | KIA NBA MOST VALUABLE PLAYER KIA NBA ROOKIE OF THE YEAR NBA BASKETBALL EXECUTIVE OF THE ...",
    "url_thumbnail": "https://i.ytimg.com/vi/JBWhzt8drHA/hqdefault.jpg"
  }
},
{
  "model": "post.video",
  "pk": 23,
  "fields": {
    "youtube_id": "14V5IxN1cWs",
    "title": "Best NBA Player Celebrations ft. Antoine Griezmann and CJ McCollum",
    "description": "French football star Antoine Griezmann attempts his favorite NBA celebrations, with Portland Trail Blazers guard CJ McCollum guessing the player he imitates.",
    "url_thumbnail": "https://i.ytimg.com/vi/14V5IxN1cWs/hqdefault.jpg"
  }
},
{
  "model": "post.video",
  "pk": 24,
  "fields": {
    "youtube_id": "tHUqcbWwyCY",
    "title": "NBA Daily Show: June 23 - The Starters",
    "description": "On Friday's episode of The Starters, the guys recap the NBA Draft: Was Markelle Fultz the right pick at 1? With Jimmy Butler in the fold, are the Wolves a playoff ...",
    "url_thumbnail": "https://i.ytimg.com/vi/tHUqcbWwyCY/hqdefault.jpg"
  }
},
{
  "model": "post.video",
  "pk": 25,
  "fields": {
    "youtube_id": "nuIvDScjA5k",
    "title": "Full 2017 NBA Draft First Round (Picks 1-30)",
    "description": "Check out the highlights from each pick in the first round of the 2017 NBA Draft. The 2017 NBA Draft is the first step in the journey of the the next wave of NBA ...",
    "url_thumbnail": "https://i.ytimg.com/vi/nuIvDScjA5k/hqdefault.jpg"
  }
},
{
  "model": "post.video",
  "pk": 26,
  "fields": {
    "youtube_id": "dOOD5MzhL3I",
    "title": "2017 NBA Award Finalists",
    "description": "Vince Cellini, Dennis Scott and Sam Mitchell take a look at the candidates for the NBA's season awards. For more information, as well as all the latest NBA news ...",
    "url_thumbnail": "https://i.ytimg.com/vi/dOOD5MzhL3I/hqdefault.jpg"
  }
},
{
  "model": "post.video",
  "pk": 27,
  "fields": {
    "youtube_id": "nZV9dLze7Fo",
    "title": "2017 NBA Awards",
    "description": "Vince Cellini, Dennis Scott and Sam Mitchell take a look at the candidates for the NBA's season awards. For more information, as well as all the latest NBA news ...",
    "url_thumbnail": "https://i.ytimg.com/vi/nZV9dLze7Fo/hqdefault.jpg"
  }
},
{
  "model": "post.video",
  "pk": 28,
  "fields": {
    "youtube_id": "0mWsIMn8A7g",
    "title": "10 Times NBA Players Almost Died On The Court",
    "description": "",
    "url_thumbnail": "https://i.ytimg.com/vi/0mWsIMn8A7g/hqdefault.jpg"
  }
},
{
  "model": "post.video",
  "pk": 29,
  "fields": {
    "youtube_id": "lc88Jsm54eI",
    "title": "Joe Dumars Discusses Warriors' Dominance in NBA | First Take | June 23, 2017",
    "description": "Joe Dumars joins First Take to discuss the Golden State Warriors dominance in the NBA. Watch ESPN on YouTube TV: http://ow.ly/1YWF30aFCi3 Subscribe ...",
    "url_thumbnail": "https://i.ytimg.com/vi/lc88Jsm54eI/hqdefault.jpg"
  }
},
{
  "model": "post.video",
  "pk": 30,
  "fields": {
    "youtube_id": "ABYnqp-bxvg",
    "title": "Feist - 1234",
    "description": "Music video by Feist performing 1234. (C) 2007 Polydor (France)",
    "url_thumbnail": "https://i.ytimg.com/vi/ABYnqp-bxvg/hqdefault.jpg"
  }
},
{
  "model": "post.video",
  "pk": 31,
  "fields": {
    "youtube_id": "avekcRb7qlI",
    "title": "NBA Show 2017 - NBA TV LIVE STREAM",
    "description": "NBA Show 2017 - NBA TV LIVE STREAM Thank for Watching Like and Subscribe Channel.",
    "url_thumbnail": "https://i.ytimg.com/vi/avekcRb7qlI/hqdefault_live.jpg"
  }
},
{
  "model": "post.video",
  "pk": 32,
  "fields": {
    "youtube_id": "Kd1Z7c04TpE",
    "title": "\uc74c\uc8fc\uc6b4\uc804\uc790 \ud63c\ub0b4\ub294 \ubc15\ubcf4\uc601 \u3137\u3137\u3137\u3137\u3137\u3137",
    "description": "\uc74c\uc8fc\uc6b4\uc804\uc790 \ud63c\ub0b4\ub294 \ubc15\ubcf4\uc601 \u3137\u3137\u3137\u3137\u3137\u3137.",
    "url_thumbnail": "https://i.ytimg.com/vi/Kd1Z7c04TpE/hqdefault.jpg"
  }
},
{
  "model": "post.video",
  "pk": 33,
  "fields": {
    "youtube_id": "NiJ4-tSb2Fo",
    "title": "[\uc624\ub098\uadc0] \ubc15\ubcf4\uc601 \ud3ed\ud48d\uc560\uad50 \ubaa8\uc74c\u314b\u314b l \uc0ac\ub78c \ud640\ub9ac\ub294 \uc560\uad50 l \uc790\ub9c9\uc9c0\uc6d0 \uc2a4\ud504\ub9c1tv",
    "description": "Oh My Ghost Compilation.",
    "url_thumbnail": "https://i.ytimg.com/vi/NiJ4-tSb2Fo/hqdefault.jpg"
  }
},
{
  "model": "post.video",
  "pk": 34,
  "fields": {
    "youtube_id": "mV9TYN5WcAo",
    "title": "\uc624\ub098\uadc0 \ubc15\ubcf4\uc601 \uc560\uad50\ubaa8\uc74c",
    "description": "\uc624\ub098\uadc0 \ud2f0\uc800\uc601\uc0c1.",
    "url_thumbnail": "https://i.ytimg.com/vi/mV9TYN5WcAo/hqdefault.jpg"
  }
},
{
  "model": "post.video",
  "pk": 35,
  "fields": {
    "youtube_id": "gvccx5Yacsw",
    "title": "\ubc15\ubcf4\uc601(Park Bo-young) \uac00\uadf8\ub9b0(Garglin) CF",
    "description": "CLICK HERE FOR MORE KOREAN CFs WITH YOUR FAVORITE IDOLS: ...",
    "url_thumbnail": "https://i.ytimg.com/vi/gvccx5Yacsw/hqdefault.jpg"
  }
},
{
  "model": "post.video",
  "pk": 36,
  "fields": {
    "youtube_id": "i6t8wEsktnQ",
    "title": "[\uc120\uacf5\uac1c] '\ubcf4\ube14\ub9ac' \ubc15\ubcf4\uc601\uc774 \ubc25\ub3d9\ubb34\ub85c \uc624\uc168\ub124! \uaddc\ub3d9 \ud615\uc81c \uc2ec\ucff5\u2665 \ud55c\ub07c\uc90d\uc1fc 19\ud68c",
    "description": "\uae38\uc5d0\uc11c \uadf8\ub0e5 \ub4f1\uc7a5\ud55c(?) \uba85\ud488\ubc30\uc6b0 \uc815\uc9c4\uc601, \uc608\ub2a5\ub300\uc138 \ub518\ub518 \uadf8\ub9ac\uace0, \ubd80\uc554\ub3d9\uc758 \ud55c\uc625\uc5d0\uc11c \uae5c\uc9dd \ub4f1\uc7a5\ud55c \ubcf4\ube14\ub9ac \ubc15\ubcf4\uc601! \ud79d \uc5ec\uae30 \uc788\uc744 \uc904 \ubab0\ub790\uc9c0~? \uc5b4\uba54\uc774\uc9d5...",
    "url_thumbnail": "https://i.ytimg.com/vi/i6t8wEsktnQ/hqdefault.jpg"
  }
},
{
  "model": "post.video",
  "pk": 37,
  "fields": {
    "youtube_id": "FMT7Z--4rSA",
    "title": "\ubc15\ubcf4\uc601 \ucd1d\ucd1d\ucd1d\ucd1d.swf",
    "description": "",
    "url_thumbnail": "https://i.ytimg.com/vi/FMT7Z--4rSA/hqdefault.jpg"
  }
},
{
  "model": "post.video",
  "pk": 38,
  "fields": {
    "youtube_id": "k-eK57rbv4k",
    "title": "[\uba54\uc774\ud0b9] \ubc15\ubcf4\uc601\u2665\ubc15\ud615\uc2dd, \ub85c\ub9e8\ud2f1 \uccab \ud0a4\uc2a4 (\uafc8\uc740 \uc774\ub8e8\uc5b4\uc9c4\ub2e4\u2605) - [parkboyoung,parkhyungsik]",
    "description": "\uc6b0\ub9ac\uac00 \uae30\ub2e4\ub9ac\uace0 \uae30\ub2e4\ub9ac\ub358!! \uba4d\ubb49\ucee4\ud50c KISS chu~\u2665 \ubd09\uc21c\uc774 \uafc8 \uc544\ub2c8\uace0, \ubbfc\ud601\uc774 \uafc8\ub3c4 \uc544\ub2c8\uace0! (\uc624\uc5f4) \uc548 \ub300\ud45c\ub2d8! \uc790\uafb8 \ub9c9 \ub4e4\uc774\ub300\uc2dc\uba74... \ubca0\ub9ac\ubca0\ub9ac\uc329\uc720\u2665...",
    "url_thumbnail": "https://i.ytimg.com/vi/k-eK57rbv4k/hqdefault.jpg"
  }
},
{
  "model": "post.video",
  "pk": 39,
  "fields": {
    "youtube_id": "LjfPxPVB3x0",
    "title": "170503 \uc81c53\ud68c \ubc31\uc0c1\uc608\uc220\ub300\uc0c1 \ubc15\ubcf4\uc601 CUT",
    "description": "the 53th Paeksang Arts Awards Park Bo-young CUT by '\uba74\uc0ac\ub791'",
    "url_thumbnail": "https://i.ytimg.com/vi/LjfPxPVB3x0/hqdefault.jpg"
  }
},
{
  "model": "post.video",
  "pk": 40,
  "fields": {
    "youtube_id": "d88ZzTqGnxQ",
    "title": "\ubc15\ubcf4\uc601\ubaa9\uc0ac  -  \uba3c\uc800 \uc774\uac83\uc744 \ud558\ub77c   ( \ub9c8 5 : 23 ~ 24 )",
    "description": "\ubc15\ubcf4\uc601\ubaa9\uc0ac - \uba3c\uc800 \uc774\uac83\uc744 \ud558\ub77c ( \ub9c8 5 : 23 ~ 24 )",
    "url_thumbnail": "https://i.ytimg.com/vi/d88ZzTqGnxQ/hqdefault.jpg"
  }
},
{
  "model": "post.video",
  "pk": 41,
  "fields": {
    "youtube_id": "6LRqO3wBcVA",
    "title": "\ubc15\ubcf4\uc601\uc758 \ucde8\ud5a5\uc744 \uc54c\uc544\ubcf4\uc790",
    "description": "\uc6d0\ubcf8\uc601\uc0c1 \ucd9c\ucc98 : https://youtu.be/sOMWyYt4brg \ub274\uc2a4\uc5d0\uc774\ub4dc - \ubc15\ubcf4\uc601\uc758 \ucde8\ud5a5\uc744 \uc54c\uc544\ubcf4\uc790.",
    "url_thumbnail": "https://i.ytimg.com/vi/6LRqO3wBcVA/hqdefault.jpg"
  }
},
{
  "model": "post.video",
  "pk": 42,
  "fields": {
    "youtube_id": "lrMmiqiBcos",
    "title": "Top 10 Dunks of The 2017 NBA Finals!",
    "description": "What's your favorite? LeBron James, Kevin Durant and their Cleveland Cavaliers & Golden State Warriors teammate highlight the Top 10 Dunks of the 2017 ...",
    "url_thumbnail": "https://i.ytimg.com/vi/lrMmiqiBcos/hqdefault.jpg"
  }
},
{
  "model": "post.video",
  "pk": 43,
  "fields": {
    "youtube_id": "d9FgG-6ODcI",
    "title": "\ubc15\uba85\uc218\ud55c\ud14c \uafc0\ubc24\ub9de\uace0 \uc6b0\ub294 \uc124\ud604",
    "description": "\ubc15\uba85\uc218\ud55c\ud14c \uafc0\ubc24\ub9de\uace0 \uc6b0\ub294 \uc124\ud604.",
    "url_thumbnail": "https://i.ytimg.com/vi/d9FgG-6ODcI/hqdefault.jpg"
  }
},
{
  "model": "post.video",
  "pk": 44,
  "fields": {
    "youtube_id": "YP0BPa_uJYE",
    "title": "[MPD\uc9c1\ucea0] \uc5d0\uc774\uc624\uc5d0\uc774 \uc124\ud604 \uc9c1\ucea0 Excuse me AOA SeolHyun Fancam @\uc5e0\uce74\uc6b4\ud2b8\ub2e4\uc6b4_170126",
    "description": "[Fancam/MPD\uc9c1\ucea0] 170126 ch.MPD AOA - Excuse me / SeolHyun ver. Mnet MCOUNTDOWN COMEBACK STAGE!! You can watch this VIDEO only on YouTube ...",
    "url_thumbnail": "https://i.ytimg.com/vi/YP0BPa_uJYE/hqdefault.jpg"
  }
},
{
  "model": "post.video",
  "pk": 45,
  "fields": {
    "youtube_id": "s-5WsnxKj5s",
    "title": "\uc124\ud604\uc0ac\uace0\uc601\uc0c1\uc774\uc9c0\ub9cc '\ud558\ub2c8\uc778\uc131'\uc73c\ub85c \uc720\uba85\ud574\uc9c4 \uadf8 \uc601\uc0c1",
    "description": "",
    "url_thumbnail": "https://i.ytimg.com/vi/s-5WsnxKj5s/hqdefault.jpg"
  }
},
{
  "model": "post.video",
  "pk": 46,
  "fields": {
    "youtube_id": "YkH_2fM1FWg",
    "title": "\ubb34 \ubcf4\uc815 \uc2e4\ud654\ub0d0? \uc124\ud604 \uc2e4\ubb3c \ubab8\ub9e4 \ubcf8 \ud32c\ub4e4\uc758 \ubc18\uc751 !!",
    "description": "\ud1b5\uc2e0\uc0ac \uad11\uace0 \ud55c\ud3b8\uc73c\ub85c \uc804 \uad6d\ubbfc\uc758 \uc5ec\uc2e0\uc774 \ub41c \uc124\ud604. \ubcf4\uc815 \uc5c6\ub294 \uc644\ubcbd\ud55c \ubab8\ub9e4\ub85c \ub9e4\uc2a4\ucef4\uc5d0 \uc624\ub974\ub0b4\ub9ac\uba70 \ub2e8\ubc88\uc5d0 \uad11\uace0\uacc4\uc758 \ube14\ub8e8\uce69\uc774 \ub418\uc5c8\uc2b5\ub2c8\ub2e4. \ubcf4\ud1b5...",
    "url_thumbnail": "https://i.ytimg.com/vi/YkH_2fM1FWg/hqdefault.jpg"
  }
},
{
  "model": "post.video",
  "pk": 47,
  "fields": {
    "youtube_id": "8cWhIHod4co",
    "title": "\uc124\ud604 \ub808\uc804\ub4dc \uc815\uae00\uc758\ubc95\uce59 \ud1b5\uac00\ud3b8 \ubaa8\uc74c  aoa seolhyun Jungle's Law Edit Cut",
    "description": "\uc124\ud604 \ub808\uc804\ub4dc \uc815\uae00\uc758\ubc95\uce59 \ud1b5\uac00\ud3b8 \ubaa8\uc74c aoa seolhyun Jungle's Law Edit Cut \uad6c\ub3c5\ud558\uae30\u25b7\u25b7 https://goo.gl/AI30X5.",
    "url_thumbnail": "https://i.ytimg.com/vi/8cWhIHod4co/hqdefault.jpg"
  }
},
{
  "model": "post.video",
  "pk": 48,
  "fields": {
    "youtube_id": "bwnc23c68Z8",
    "title": "\uc124\ud604\uc744 \uac74\ub4e4\uba74 \uc0dd\uae30\ub294 \uc77c",
    "description": "",
    "url_thumbnail": "https://i.ytimg.com/vi/bwnc23c68Z8/hqdefault.jpg"
  }
},
{
  "model": "post.video",
  "pk": 49,
  "fields": {
    "youtube_id": "CLlQt-0jIDM",
    "title": "AOA \ud654\ub09c \uc124\ud604 (feat.\ub77c\uba74)",
    "description": "",
    "url_thumbnail": "https://i.ytimg.com/vi/CLlQt-0jIDM/hqdefault.jpg"
  }
},
{
  "model": "post.video",
  "pk": 50,
  "fields": {
    "youtube_id": "V2ONAyJQ_fk",
    "title": "161231 MBC \uac00\uc694\ub300\uc81c\uc804 - \uc124\ud604 '\ub0b4 \ub0a8\uc790\uce5c\uad6c\uc5d0\uac8c' 4K \uc9c1\ucea0 by DaftTaengk",
    "description": "161231 MBC Gayo Daejejeon - Seolhyun 'To my boyfriend' 4K FANCAM by DaftTaengk AOA \uc544\uc624\uc544.",
    "url_thumbnail": "https://i.ytimg.com/vi/V2ONAyJQ_fk/hqdefault.jpg"
  }
},
{
  "model": "post.video",
  "pk": 51,
  "fields": {
    "youtube_id": "l18fABVejx4",
    "title": "170512 \uc81c33\ud68c \uc804\uad6d\uce58\uacfc\ub300\ud559\ub300\ud559\uc6d0\ucd95\uc81c AOA - BingBing \uc124\ud604",
    "description": "\uad00\uac1d\ub4e4 \ub290\ub2f7\uc5c6\uc774 \uc2a4\ud0e0\ub529 \uac1c\ub3cc\ud558\ub294 \ubc14\ub78c\uc5d0 \uc9c0\uc9c4\ucea0.",
    "url_thumbnail": "https://i.ytimg.com/vi/l18fABVejx4/hqdefault.jpg"
  }
},
{
  "model": "post.video",
  "pk": 52,
  "fields": {
    "youtube_id": "SzSn02A-GoM",
    "title": "[\uaf43\ube48Live] \uba54\uc774\ud06c\uc5c5 \uc0f5\uc5d0 \uac14\ub294\ub370.. \ub0b4 \uc606\uc5d0 \uc5f0\uc608\uc778 \uc124\ud604\uc528\uac00?!",
    "description": "\ub7ec\ub108\ub2d8\uc740 \uc798 \ubabb \ubd24\ub2e4\ud569\ub2c8\ub2f9~ \ubcf4\uc644\ud574\uc57c \ud560 \uc810\uc774\ub098 \ubb38\uc758\ud560\uc810 \uc788\uc73c\uba74 rlawlsgud88@nate.com \uc73c\ub85c \uba54\uc77c\uc8fc\uc138\uc694!! - \uc88b\uc544\uc694\ub294 \ud070 \ub3c4\uc6c0\uc774 \ub429\ub2c8\ub2e4. - \uc544\ud504\ub9ac\uce74...",
    "url_thumbnail": "https://i.ytimg.com/vi/SzSn02A-GoM/hqdefault.jpg"
  }
},
{
  "model": "post.video",
  "pk": 53,
  "fields": {
    "youtube_id": "zsAythDzjXg",
    "title": "Jordan Spieth\u2019s incredible bunker shot to win Travelers",
    "description": "SUBSCRIBE to PGA TOUR now: http://pgat.us/vBxcZSh In the final round of the 2017 Travelers Championship, Jordan Spieth holes out from the bunker for ...",
    "url_thumbnail": "https://i.ytimg.com/vi/zsAythDzjXg/hqdefault.jpg"
  }
},
{
  "model": "post.video",
  "pk": 54,
  "fields": {
    "youtube_id": "RmwkrIHd3nY",
    "title": "Jordan Spieth extended highlights | Round 4 | Travelers",
    "description": "SUBSCRIBE to PGA TOUR now: http://pgat.us/vBxcZSh In the final round of the 2017 Travelers Championship, Jordan Spieth got off to a hot start but then fought ...",
    "url_thumbnail": "https://i.ytimg.com/vi/RmwkrIHd3nY/hqdefault.jpg"
  }
},
{
  "model": "post.video",
  "pk": 55,
  "fields": {
    "youtube_id": "93WRvRPlYEo",
    "title": "Highlights | Round 4 | Travelers",
    "description": "SUBSCRIBE to PGA TOUR now: http://pgat.us/vBxcZSh In the final round of the 2017 Travelers Championship, Jordan Spieth and Daniel Berger finish tied at ...",
    "url_thumbnail": "https://i.ytimg.com/vi/93WRvRPlYEo/hqdefault.jpg"
  }
},
{
  "model": "post.video",
  "pk": 56,
  "fields": {
    "youtube_id": "JbHwebuk5_U",
    "title": "Jordan Speith Wins The 2017 PGA Travelers Championship Playoff Incredible Sand Shot",
    "description": "Jordan Speith wihs the 2017 PGA Travelers Championship with an incredible sand shot. He defeated Daniel Berger in the first hole of the playoff. Both Seith and ...",
    "url_thumbnail": "https://i.ytimg.com/vi/JbHwebuk5_U/hqdefault.jpg"
  }
},
{
  "model": "post.video",
  "pk": 57,
  "fields": {
    "youtube_id": "5YkuC6bo8GM",
    "title": "How to PERFECT your Downswing Sequence and Direction, w Tony Luczak, PGA at the BBG School GOLF",
    "description": "While the students were warming up at the Be Better Golf School at the Golden Horseshoe in Williamsburg, VA, Tony And I took the chance to make an important ...",
    "url_thumbnail": "https://i.ytimg.com/vi/5YkuC6bo8GM/hqdefault.jpg"
  }
},
{
  "model": "post.video",
  "pk": 58,
  "fields": {
    "youtube_id": "Lkp6i7Yj1_w",
    "title": "Golf PGA Tour: Tournament of Champions, Final Round",
    "description": "PGA Tour: Tournament of Champions, Final Round Youtube don't have all our videos, sign up at http://www.golfvideos.me to get emailed on new stuff.",
    "url_thumbnail": "https://i.ytimg.com/vi/Lkp6i7Yj1_w/hqdefault.jpg"
  }
},
{
  "model": "post.video",
  "pk": 59,
  "fields": {
    "youtube_id": "CP3-P77DsWE",
    "title": "Tiger's back! Golf PGA Tour: Hero World Challenge, Sunday [04/12/16]",
    "description": "",
    "url_thumbnail": "https://i.ytimg.com/vi/CP3-P77DsWE/hqdefault.jpg"
  }
},
{
  "model": "post.video",
  "pk": 60,
  "fields": {
    "youtube_id": "MSX0g_RXk_Y",
    "title": "Rory McIlroy extended highlights | Round 4 | Travelers",
    "description": "SUBSCRIBE to PGA TOUR now: http://pgat.us/vBxcZSh In the final round of the 2017 Travelers Championship, Rory McIlroy flashed his brilliance around the ...",
    "url_thumbnail": "https://i.ytimg.com/vi/MSX0g_RXk_Y/hqdefault.jpg"
  }
},
{
  "model": "post.video",
  "pk": 61,
  "fields": {
    "youtube_id": "jgyNlexwMiQ",
    "title": "Tiger Woods' Beautiful Golf Shots 2016 Hero World Challenge PGA Tournament",
    "description": "Tiger Woods' Beautiful Golf Shots 2016 Hero World Challenge PGA Tournament from 1 Step to Better Golf http://www.1steptobettergolf.com. Watch more videos ...",
    "url_thumbnail": "https://i.ytimg.com/vi/jgyNlexwMiQ/hqdefault.jpg"
  }
},
{
  "model": "post.video",
  "pk": 62,
  "fields": {
    "youtube_id": "Aci6qHUKdhg",
    "title": "Epic drives on the PGA TOUR in 2016",
    "description": "Check out the top 10 drives on the PGA TOUR (excluding majors), featuring near aces on par 4's, epic drives and crazy bounces. . SUBSCRIBE to PGA TOUR ...",
    "url_thumbnail": "https://i.ytimg.com/vi/Aci6qHUKdhg/hqdefault.jpg"
  }
},
{
  "model": "post.video",
  "pk": 63,
  "fields": {
    "youtube_id": "_zTIj0nxaCs",
    "title": "asdfasdf.AVI",
    "description": "(\u3160_\u3160) so sad...",
    "url_thumbnail": "https://i.ytimg.com/vi/_zTIj0nxaCs/hqdefault.jpg"
  }
},
{
  "model": "post.video",
  "pk": 64,
  "fields": {
    "youtube_id": "nETOmatmgbs",
    "title": "asdfasdf",
    "description": "asdfadsf.",
    "url_thumbnail": "https://i.ytimg.com/vi/nETOmatmgbs/hqdefault.jpg"
  }
},
{
  "model": "post.video",
  "pk": 65,
  "fields": {
    "youtube_id": "pZ5F4Z--DUE",
    "title": "asdfasdf",
    "description": "asdfasdf.",
    "url_thumbnail": "https://i.ytimg.com/vi/pZ5F4Z--DUE/hqdefault.jpg"
  }
},
{
  "model": "post.video",
  "pk": 66,
  "fields": {
    "youtube_id": "vTz7q_6dG0Y",
    "title": "asdfasdf",
    "description": "",
    "url_thumbnail": "https://i.ytimg.com/vi/vTz7q_6dG0Y/hqdefault.jpg"
  }
},
{
  "model": "post.video",
  "pk": 67,
  "fields": {
    "youtube_id": "jZL-RUZUoGY",
    "title": "Different Heaven ft. TomSka - Asfadsfsfasfdasa",
    "description": "Asdfasgfdhsgfasgdfvasdfsiudbsiudn :D Twitter: https://twitter.com/DifferentHeaven Facebook: http://www.facebook.com/DifferentHeaven Descarga: ...",
    "url_thumbnail": "https://i.ytimg.com/vi/jZL-RUZUoGY/hqdefault.jpg"
  }
},
{
  "model": "post.video",
  "pk": 68,
  "fields": {
    "youtube_id": "e6Y-_bGlvR8",
    "title": "asdfasdf",
    "description": "",
    "url_thumbnail": "https://i.ytimg.com/vi/e6Y-_bGlvR8/hqdefault.jpg"
  }
},
{
  "model": "post.video",
  "pk": 69,
  "fields": {
    "youtube_id": "j1piJL0NLFE",
    "title": "asdfasdf",
    "description": "pray for those affected.",
    "url_thumbnail": "https://i.ytimg.com/vi/j1piJL0NLFE/hqdefault.jpg"
  }
},
{
  "model": "post.video",
  "pk": 70,
  "fields": {
    "youtube_id": "eBVJUUcQW14",
    "title": "asdfasdf",
    "description": "mash of two events.",
    "url_thumbnail": "https://i.ytimg.com/vi/eBVJUUcQW14/hqdefault.jpg"
  }
},
{
  "model": "post.video",
  "pk": 71,
  "fields": {
    "youtube_id": "oh1N8l9YdaM",
    "title": "asdfasdf",
    "description": "QWE:QW::EQ::E:Q:E:Q:E:QW:E:QW Visit https://phenomtdi.wixsite.com/thcsquad.",
    "url_thumbnail": "https://i.ytimg.com/vi/oh1N8l9YdaM/hqdefault.jpg"
  }
},
{
  "model": "post.video",
  "pk": 72,
  "fields": {
    "youtube_id": "09CG6gz_YyA",
    "title": "asdfasdf",
    "description": "sdafsdf.",
    "url_thumbnail": "https://i.ytimg.com/vi/09CG6gz_YyA/hqdefault.jpg"
  }
},
{
  "model": "post.video",
  "pk": 73,
  "fields": {
    "youtube_id": "11uzH-QUDxk",
    "title": "Bill Russell Receives the 2017 NBA Lifetime Achievement Award | NBA on TNT",
    "description": "NBA Legend Bill Russell receives the 2017 NBA Lifetime Achievement Award.",
    "url_thumbnail": "https://i.ytimg.com/vi/11uzH-QUDxk/hqdefault.jpg"
  }
},
{
  "model": "post.video",
  "pk": 74,
  "fields": {
    "youtube_id": "qZFlXDinDis",
    "title": "Meijer LPGA Classic 2017 Final Round",
    "description": "Meijer LPGA Classic 2017 Final Round.",
    "url_thumbnail": "https://i.ytimg.com/vi/qZFlXDinDis/hqdefault.jpg"
  }
},
{
  "model": "post.video",
  "pk": 75,
  "fields": {
    "youtube_id": "yKv0I61aGsQ",
    "title": "Manulife LPGA Classic 2017 Final Round",
    "description": "Manulife LPGA Classic 2017 Final Round.",
    "url_thumbnail": "https://i.ytimg.com/vi/yKv0I61aGsQ/hqdefault.jpg"
  }
},
{
  "model": "post.video",
  "pk": 76,
  "fields": {
    "youtube_id": "0ZMSgfmi1Og",
    "title": "2017 LPGA Walmart NW Arkansas ~ Round 1 (Part 1/2)",
    "description": "2017 LPGA Walmart NW Arkansas Championship - Round 1 Enjoy! Links to other sections in the description below. Round 1 Part 1 ...",
    "url_thumbnail": "https://i.ytimg.com/vi/0ZMSgfmi1Og/hqdefault.jpg"
  }
},
{
  "model": "post.video",
  "pk": 77,
  "fields": {
    "youtube_id": "5H0ngy-lAeA",
    "title": "Manulife LPGA Classic 2017 Final Round Play Off",
    "description": "Manulife LPGA Classic 2017 Final Round https://www.youtube.com/watch?v=yKv0I61aGsQ.",
    "url_thumbnail": "https://i.ytimg.com/vi/5H0ngy-lAeA/hqdefault.jpg"
  }
},
{
  "model": "post.video",
  "pk": 78,
  "fields": {
    "youtube_id": "JTuxMoDSfMM",
    "title": "LPGA 2017 Volvik Championship Final Round",
    "description": "LPGA 2017 Volvik Championship Final Round.",
    "url_thumbnail": "https://i.ytimg.com/vi/JTuxMoDSfMM/hqdefault.jpg"
  }
},
{
  "model": "post.video",
  "pk": 79,
  "fields": {
    "youtube_id": "0HoAe5tX6yo",
    "title": "Manulife LPGA Classic 2017 Round 1",
    "description": "Manulife LPGA Classic 2017 Round 1.",
    "url_thumbnail": "https://i.ytimg.com/vi/0HoAe5tX6yo/hqdefault.jpg"
  }
},
{
  "model": "post.video",
  "pk": 80,
  "fields": {
    "youtube_id": "TUuY6CfmZuQ",
    "title": "LPGA 2017 Kingsmill Championship Final  Round",
    "description": "LPGA 2017 Kingsmill Championship Final Round.",
    "url_thumbnail": "https://i.ytimg.com/vi/TUuY6CfmZuQ/hqdefault.jpg"
  }
},
{
  "model": "post.video",
  "pk": 81,
  "fields": {
    "youtube_id": "MEjBFJ2VrYE",
    "title": "Meijer LPGA Classic 2017 Round 3",
    "description": "Meijer LPGA Classic 2017 Round 3.",
    "url_thumbnail": "https://i.ytimg.com/vi/MEjBFJ2VrYE/hqdefault.jpg"
  }
},
{
  "model": "post.video",
  "pk": 82,
  "fields": {
    "youtube_id": "PKD8UiLcWfY",
    "title": "2017 HSBC LPGA Women's Championship - Final Round (Part 1/2)",
    "description": "Part 2 : https://youtu.be/TnJwOaOZZqw Coverage of the 2017 LPGA HSBC Women's Open Championship - Final Round (Part 1/2) @ Sentosa Golf Club ...",
    "url_thumbnail": "https://i.ytimg.com/vi/PKD8UiLcWfY/hqdefault.jpg"
  }
},
{
  "model": "post.video",
  "pk": 83,
  "fields": {
    "youtube_id": "TG_oXWySyU8",
    "title": "Manulife LPGA Classic 2017 Round 3",
    "description": "Manulife LPGA Classic 2017 Round 3.",
    "url_thumbnail": "https://i.ytimg.com/vi/TG_oXWySyU8/hqdefault.jpg"
  }
},
{
  "model": "post.video",
  "pk": 84,
  "fields": {
    "youtube_id": "bGrCA-oSG6o",
    "title": "Top 10 shots from the water on the PGA TOUR",
    "description": "Check out the top 10 shots from the water all time on the PGA TOUR, featuring wipeouts, players shedding clothing and a bit of mud in the face. SUBSCRIBE to ...",
    "url_thumbnail": "https://i.ytimg.com/vi/bGrCA-oSG6o/hqdefault.jpg"
  }
},
{
  "model": "post.video",
  "pk": 85,
  "fields": {
    "youtube_id": "VQtXzgf6r1E",
    "title": "BEST OF DRAKE AT THE 2017 NBA AWARDS",
    "description": "Please drop a thumbs up, follow me & subscribe if you enjoyed this video! FOLLOW Twitter - https://www.twitter.com/nickiilickii Instagram ...",
    "url_thumbnail": "https://i.ytimg.com/vi/VQtXzgf6r1E/hqdefault.jpg"
  }
},
{
  "model": "post.video",
  "pk": 86,
  "fields": {
    "youtube_id": "BgD1xO7LGlA",
    "title": "CAN YOU GUESS THESE NBA LOGOS?",
    "description": "Troydan trys to guess retro NBA logos.. If you have a video you'd like to have reacted to please tweet it to @TroydanGaming using #TroydanReacts.",
    "url_thumbnail": "https://i.ytimg.com/vi/BgD1xO7LGlA/hqdefault.jpg"
  }
},
{
  "model": "member.user",
  "pk": 1,
  "fields": {
    "password": "pbkdf2_sha256$36000$lobRPZ4muCXC$Aatz+/h30tHVJqDyaEz4fvkmDPShfwU/aFwg2t72brM=",
    "last_login": "2017-06-20T01:46:04.540Z",
    "is_superuser": true,
    "username": "admin",
    "first_name": "",
    "last_name": "",
    "email": "",
    "is_staff": true,
    "is_active": true,
    "date_joined": "2017-06-12T06:22:44.822Z",
    "user_type": "d",
    "nickname": "\uad00\ub9ac\uc790",
    "img_profile": "",
    "groups": [],
    "user_permissions": []
  }
},
{
  "model": "member.user",
  "pk": 2,
  "fields": {
    "password": "!ITo0ByMyCfMG1iwGnX6bj4lLuAaMkUCKknEz6ke9",
    "last_login": null,
    "is_superuser": false,
    "username": "another_user",
    "first_name": "",
    "last_name": "",
    "email": "",
    "is_staff": false,
    "is_active": true,
    "date_joined": "2017-06-12T06:24:54.956Z",
    "user_type": "d",
    "nickname": null,
    "img_profile": "",
    "groups": [],
    "user_permissions": []
  }
},
{
  "model": "member.user",
  "pk": 3,
  "fields": {
    "password": "pbkdf2_sha256$36000$AZ3Z4XaNCbpw$AIO6swSoTPki5WzEk7ey176otWsmjU+x6lKzogqFVKc=",
    "last_login": "2017-06-19T07:46:07.416Z",
    "is_superuser": false,
    "username": "space214",
    "first_name": "",
    "last_name": "",
    "email": "",
    "is_staff": false,
    "is_active": true,
    "date_joined": "2017-06-15T06:57:55.546Z",
    "user_type": "d",
    "nickname": null,
    "img_profile": "",
    "groups": [],
    "user_permissions": []
  }
},
{
  "model": "member.user",
  "pk": 4,
  "fields": {
    "password": "pbkdf2_sha256$36000$uojSdy6sTtIn$8GbmS3eW+fZMwpPpz4KSfUbMIDqFVuLkvsbuNJFSbaY=",
    "last_login": "2017-06-15T08:22:32.636Z",
    "is_superuser": false,
    "username": "!admin",
    "first_name": "",
    "last_name": "",
    "email": "",
    "is_staff": false,
    "is_active": true,
    "date_joined": "2017-06-15T08:22:32.590Z",
    "user_type": "d",
    "nickname": null,
    "img_profile": "",
    "groups": [],
    "user_permissions": []
  }
},
{
  "model": "member.user",
  "pk": 5,
  "fields": {
    "password": "pbkdf2_sha256$36000$8QCRBpQIE486$Ttiao9+xi7oQ/n20+hpEchrK1tYEqPg6xYOvMbrbVRQ=",
    "last_login": "2017-06-16T06:49:18.299Z",
    "is_superuser": false,
    "username": "yspark",
    "first_name": "",
    "last_name": "",
    "email": "",
    "is_staff": false,
    "is_active": true,
    "date_joined": "2017-06-16T06:49:18.251Z",
    "user_type": "d",
    "nickname": null,
    "img_profile": "",
    "groups": [],
    "user_permissions": []
  }
},
{
  "model": "member.user",
  "pk": 6,
  "fields": {
    "password": "pbkdf2_sha256$36000$kCFuIqLriTjK$Kthg6qKlueYOSg/+4yiIktU6LGdFzxYZq82VMKe6BZ0=",
    "last_login": "2017-06-23T01:55:46.683Z",
    "is_superuser": false,
    "username": "archys",
    "first_name": "",
    "last_name": "",
    "email": "",
    "is_staff": false,
    "is_active": true,
    "date_joined": "2017-06-19T06:58:40.276Z",
    "user_type": "d",
    "nickname": "archys",
    "img_profile": "",
    "groups": [],
    "user_permissions": []
  }
},
{
  "model": "member.user",
  "pk": 7,
  "fields": {
    "password": "",
    "last_login": "2017-06-26T06:13:16.117Z",
    "is_superuser": false,
    "username": "f_1601998296497280_1497766283608738",
    "first_name": "Yunsik",
    "last_name": "Park",
    "email": "space214@gmail.com",
    "is_staff": false,
    "is_active": true,
    "date_joined": "2017-06-26T06:13:16.049Z",
    "user_type": "f",
    "nickname": null,
    "img_profile": "user/7.jpg",
    "groups": [],
    "user_permissions": []
  }
},
{
  "model": "member.relation",
  "pk": 15,
  "fields": {
    "from_user": 1,
    "to_user": 6,
    "created_date": "2017-06-23T03:33:27.385Z"
  }
},
{
  "model": "post.comment",
  "pk": 1,
  "fields": {
    "post": 6,
    "author": 1,
    "content": "\ub313\uae00...?!12341234",
    "html_content": "\ub313\uae00...?!12341234",
    "created_date": "2017-06-13T07:50:38.031Z",
    "modified_date": "2017-06-20T07:50:08.273Z",
    "tags": []
  }
},
{
  "model": "post.comment",
  "pk": 2,
  "fields": {
    "post": 15,
    "author": 3,
    "content": "asdfasdf",
    "html_content": "",
    "created_date": "2017-06-19T02:30:03.504Z",
    "modified_date": "2017-06-19T02:30:03.504Z",
    "tags": []
  }
},
{
  "model": "post.comment",
  "pk": 11,
  "fields": {
    "post": 15,
    "author": 1,
    "content": "\ub313\uae00\uc744 \ub2ec\uc790#\ub313\uae00",
    "html_content": "\ub313\uae00\uc744 \ub2ec\uc790<a href=\"#\" class=\"hash-tag\">#\ub313\uae00</a>",
    "created_date": "2017-06-20T02:32:46.698Z",
    "modified_date": "2017-06-20T06:55:28.782Z",
    "tags": [
      3,
      7
    ]
  }
},
{
  "model": "post.comment",
  "pk": 12,
  "fields": {
    "post": 6,
    "author": 1,
    "content": "eoteoasdf",
    "html_content": "eoteoasdf",
    "created_date": "2017-06-20T02:40:04.006Z",
    "modified_date": "2017-06-20T06:55:44.830Z",
    "tags": []
  }
},
{
  "model": "post.comment",
  "pk": 13,
  "fields": {
    "post": 5,
    "author": 1,
    "content": "as;f;3edfa",
    "html_content": "",
    "created_date": "2017-06-20T02:40:23.064Z",
    "modified_date": "2017-06-20T02:40:23.064Z",
    "tags": []
  }
},
{
  "model": "post.comment",
  "pk": 14,
  "fields": {
    "post": 4,
    "author": 1,
    "content": "aoijfeasdf",
    "html_content": "",
    "created_date": "2017-06-20T02:40:27.260Z",
    "modified_date": "2017-06-20T02:40:27.260Z",
    "tags": []
  }
},
{
  "model": "post.comment",
  "pk": 15,
  "fields": {
    "post": 6,
    "author": 1,
    "content": "ahfa;osijfas",
    "html_content": "ahfa;osijfas",
    "created_date": "2017-06-20T02:40:32.298Z",
    "modified_date": "2017-06-20T08:33:35.644Z",
    "tags": []
  }
},
{
  "model": "post.comment",
  "pk": 16,
  "fields": {
    "post": 6,
    "author": 1,
    "content": "asdf",
    "html_content": "asdf",
    "created_date": "2017-06-20T02:40:39.921Z",
    "modified_date": "2017-06-20T08:33:38.982Z",
    "tags": []
  }
},
{
  "model": "post.comment",
  "pk": 18,
  "fields": {
    "post": 15,
    "author": 1,
    "content": "#asdf#asdf",
    "html_content": "<a href=\"/post/tag/asdf\" class=\"hash-tag\">#asdf</a><a href=\"/post/tag/asdf\" class=\"hash-tag\">#asdf</a>",
    "created_date": "2017-06-20T06:55:18.887Z",
    "modified_date": "2017-06-20T08:33:28.385Z",
    "tags": [
      2
    ]
  }
},
{
  "model": "post.comment",
  "pk": 19,
  "fields": {
    "post": 15,
    "author": 1,
    "content": "#13qwadf",
    "html_content": "<a href=\"#\" class=\"hash-tag\">#13qwadf</a>",
    "created_date": "2017-06-20T06:55:53.962Z",
    "modified_date": "2017-06-20T06:55:53.970Z",
    "tags": [
      4
    ]
  }
},
{
  "model": "post.comment",
  "pk": 21,
  "fields": {
    "post": 15,
    "author": 1,
    "content": "#asdf,#asdf",
    "html_content": "<a href=\"#\" class=\"hash-tag\">#asdf</a>,<a href=\"#\" class=\"hash-tag\">#asdf</a>",
    "created_date": "2017-06-20T06:57:03.118Z",
    "modified_date": "2017-06-20T08:16:37.944Z",
    "tags": [
      2
    ]
  }
},
{
  "model": "post.comment",
  "pk": 22,
  "fields": {
    "post": 15,
    "author": 1,
    "content": "#asdf#asdf",
    "html_content": "<a href=\"#\" class=\"hash-tag\"><a href=\"#\" class=\"hash-tag\">#asdf</a></a><a href=\"#\" class=\"hash-tag\"><a href=\"#\" class=\"hash-tag\">#asdf</a></a>",
    "created_date": "2017-06-20T06:57:33.471Z",
    "modified_date": "2017-06-20T06:57:33.480Z",
    "tags": [
      2
    ]
  }
},
{
  "model": "post.comment",
  "pk": 23,
  "fields": {
    "post": 15,
    "author": 1,
    "content": "#asdf asdf #asdfasdf #asdf",
    "html_content": "<a href=\"#\" class=\"hash-tag\">#asdf</a> asdf <a href=\"#\" class=\"hash-tag\">#asdfasdf</a> <a href=\"#\" class=\"hash-tag\">#asdf</a>",
    "created_date": "2017-06-20T06:57:43.338Z",
    "modified_date": "2017-06-20T07:36:56.656Z",
    "tags": [
      2,
      6
    ]
  }
},
{
  "model": "post.comment",
  "pk": 26,
  "fields": {
    "post": 15,
    "author": 1,
    "content": "#asdf#asdf#",
    "html_content": "",
    "created_date": "2017-06-20T07:30:28.621Z",
    "modified_date": "2017-06-20T07:30:28.621Z",
    "tags": [
      2
    ]
  }
},
{
  "model": "post.comment",
  "pk": 27,
  "fields": {
    "post": 15,
    "author": 1,
    "content": "asdfasdf",
    "html_content": "",
    "created_date": "2017-06-20T07:30:44.237Z",
    "modified_date": "2017-06-20T07:30:44.237Z",
    "tags": []
  }
},
{
  "model": "post.comment",
  "pk": 28,
  "fields": {
    "post": 15,
    "author": 1,
    "content": "asdfasdf",
    "html_content": "asdfasdf",
    "created_date": "2017-06-20T07:30:47.319Z",
    "modified_date": "2017-06-20T07:36:38.882Z",
    "tags": []
  }
},
{
  "model": "post.comment",
  "pk": 29,
  "fields": {
    "post": 15,
    "author": 1,
    "content": "asdf",
    "html_content": "asdf",
    "created_date": "2017-06-20T07:33:15.033Z",
    "modified_date": "2017-06-20T07:36:35.818Z",
    "tags": []
  }
},
{
  "model": "post.comment",
  "pk": 30,
  "fields": {
    "post": 15,
    "author": 1,
    "content": "1234567",
    "html_content": "1234567",
    "created_date": "2017-06-20T07:33:35.554Z",
    "modified_date": "2017-06-20T07:36:27.764Z",
    "tags": []
  }
},
{
  "model": "post.comment",
  "pk": 31,
  "fields": {
    "post": 15,
    "author": 1,
    "content": "123qfwefq",
    "html_content": "123qfwefq",
    "created_date": "2017-06-20T07:36:22.702Z",
    "modified_date": "2017-06-20T07:36:22.704Z",
    "tags": []
  }
},
{
  "model": "post.comment",
  "pk": 34,
  "fields": {
    "post": 6,
    "author": 1,
    "content": "#test",
    "html_content": "<a href=\"/post/tag/test\" class=\"hash-tag\">#test</a>",
    "created_date": "2017-06-20T07:49:57.715Z",
    "modified_date": "2017-06-20T08:34:49.197Z",
    "tags": [
      1,
      8
    ]
  }
},
{
  "model": "post.comment",
  "pk": 35,
  "fields": {
    "post": 27,
    "author": 1,
    "content": "#asdf",
    "html_content": "<a href=\"/post/tag/asdf\" class=\"hash-tag\">#asdf</a>",
    "created_date": "2017-06-20T07:50:33.951Z",
    "modified_date": "2017-06-20T08:34:20.598Z",
    "tags": [
      2
    ]
  }
},
{
  "model": "post.comment",
  "pk": 38,
  "fields": {
    "post": 27,
    "author": 1,
    "content": "asdf",
    "html_content": "asdf",
    "created_date": "2017-06-20T08:16:04.726Z",
    "modified_date": "2017-06-20T08:16:04.726Z",
    "tags": []
  }
},
{
  "model": "post.comment",
  "pk": 40,
  "fields": {
    "post": 28,
    "author": 1,
    "content": "#test",
    "html_content": "<a href=\"/post/tag/test\" class=\"hash-tag\">#test</a>",
    "created_date": "2017-06-20T08:33:08.566Z",
    "modified_date": "2017-06-20T08:33:14.038Z",
    "tags": [
      8
    ]
  }
},
{
  "model": "post.comment",
  "pk": 41,
  "fields": {
    "post": 1,
    "author": 1,
    "content": "#test",
    "html_content": "<a href=\"/post/tag/test\" class=\"hash-tag\">#test</a>",
    "created_date": "2017-06-20T08:34:37.029Z",
    "modified_date": "2017-06-20T08:34:37.029Z",
    "tags": [
      8
    ]
  }
},
{
  "model": "post.comment",
  "pk": 42,
  "fields": {
    "post": 28,
    "author": 6,
    "content": "test2",
    "html_content": "test2",
    "created_date": "2017-06-20T08:36:07.226Z",
    "modified_date": "2017-06-20T08:36:07.226Z",
    "tags": []
  }
},
{
  "model": "post.comment",
  "pk": 43,
  "fields": {
    "post": 28,
    "author": 6,
    "content": "#test2",
    "html_content": "<a href=\"/post/tag/test2\" class=\"hash-tag\">#test2</a>",
    "created_date": "2017-06-20T08:36:14.649Z",
    "modified_date": "2017-06-20T08:36:14.649Z",
    "tags": [
      9
    ]
  }
},
{
  "model": "post.comment",
  "pk": 44,
  "fields": {
    "post": 28,
    "author": 6,
    "content": "#test",
    "html_content": "<a href=\"/post/tag/test\" class=\"hash-tag\">#test</a>",
    "created_date": "2017-06-20T08:36:25.505Z",
    "modified_date": "2017-06-20T08:36:25.505Z",
    "tags": [
      8
    ]
  }
},
{
  "model": "post.comment",
  "pk": 45,
  "fields": {
    "post": 27,
    "author": 6,
    "content": "1234",
    "html_content": "1234",
    "created_date": "2017-06-21T05:34:08.712Z",
    "modified_date": "2017-06-21T05:34:08.712Z",
    "tags": []
  }
},
{
  "model": "post.comment",
  "pk": 46,
  "fields": {
    "post": 2,
    "author": 6,
    "content": "1234",
    "html_content": "1234",
    "created_date": "2017-06-21T05:34:18.647Z",
    "modified_date": "2017-06-21T05:34:18.647Z",
    "tags": []
  }
},
{
  "model": "post.comment",
  "pk": 47,
  "fields": {
    "post": 1,
    "author": 6,
    "content": "1234",
    "html_content": "1234",
    "created_date": "2017-06-21T05:34:22.134Z",
    "modified_date": "2017-06-21T05:34:22.134Z",
    "tags": []
  }
},
{
  "model": "post.postlike",
  "pk": 34,
  "fields": {
    "post": 28,
    "user": 6,
    "created_date": "2017-06-23T01:55:55.209Z"
  }
},
{
  "model": "post.postlike",
  "pk": 36,
  "fields": {
    "post": 27,
    "user": 6,
    "created_date": "2017-06-23T01:56:06.206Z"
  }
},
{
  "model": "post.postlike",
  "pk": 37,
  "fields": {
    "post": 15,
    "user": 6,
    "created_date": "2017-06-23T01:56:10.760Z"
  }
},
{
  "model": "post.post",
  "pk": 1,
  "fields": {
    "author": 1,
    "photo": "post/open-uri20170301-24589-1azubas.jpeg",
    "video": null,
    "created_date": "2017-06-12T06:24:26.426Z",
    "modified_date": "2017-06-20T08:34:37.035Z",
    "my_comment": 41
  }
},
{
  "model": "post.post",
  "pk": 2,
  "fields": {
    "author": 1,
    "photo": "post/open-uri20170302-21931-157j7u1.jpeg",
    "video": null,
    "created_date": "2017-06-12T06:24:35.933Z",
    "modified_date": "2017-06-13T01:43:20.385Z",
    "my_comment": null
  }
},
{
  "model": "post.post",
  "pk": 3,
  "fields": {
    "author": 1,
    "photo": "post/open-uri20170407-22160-1vgam0.jpeg",
    "video": null,
    "created_date": "2017-06-12T06:24:38.138Z",
    "modified_date": "2017-06-13T01:43:38.223Z",
    "my_comment": null
  }
},
{
  "model": "post.post",
  "pk": 4,
  "fields": {
    "author": 1,
    "photo": "post/open-uri20170302-29253-1ydqq7x.jpeg",
    "video": null,
    "created_date": "2017-06-13T01:43:51.962Z",
    "modified_date": "2017-06-13T01:43:51.962Z",
    "my_comment": null
  }
},
{
  "model": "post.post",
  "pk": 5,
  "fields": {
    "author": 1,
    "photo": "post/open-uri20170302-29328-1v8tsk.jpeg",
    "video": null,
    "created_date": "2017-06-13T07:48:37.461Z",
    "modified_date": "2017-06-13T07:48:37.461Z",
    "my_comment": null
  }
},
{
  "model": "post.post",
  "pk": 6,
  "fields": {
    "author": 1,
    "photo": "post/The_Broad_photo_by_Benny_Chan__45569DSR.jpg",
    "video": null,
    "created_date": "2017-06-13T07:50:38.027Z",
    "modified_date": "2017-06-20T08:34:49.205Z",
    "my_comment": 34
  }
},
{
  "model": "post.post",
  "pk": 15,
  "fields": {
    "author": 3,
    "photo": "post/open-uri20170302-29328-1v8tsk_sN8Ykq9.jpeg",
    "video": null,
    "created_date": "2017-06-19T02:30:03.502Z",
    "modified_date": "2017-06-19T02:30:03.502Z",
    "my_comment": null
  }
},
{
  "model": "post.post",
  "pk": 27,
  "fields": {
    "author": 1,
    "photo": "post/The_Broad_photo_by_Benny_Chan__45569DSR_FVkJrrB.jpg",
    "video": null,
    "created_date": "2017-06-20T07:50:33.949Z",
    "modified_date": "2017-06-20T08:15:35.404Z",
    "my_comment": 35
  }
},
{
  "model": "post.post",
  "pk": 28,
  "fields": {
    "author": 1,
    "photo": "post/open-uri20170302-29328-1v8tsk_91fgfSo.jpeg",
    "video": null,
    "created_date": "2017-06-20T08:33:08.564Z",
    "modified_date": "2017-06-20T08:33:08.569Z",
    "my_comment": 40
  }
}
]
